{"v":"4.7.1","fr":60,"ip":0,"op":53,"w":150,"h":150,"nm":"SpeechBubble_Dots","ddd":0,"assets":[],"layers":[{"ddd":0,"ind":1,"ty":4,"nm":"Third","ks":{"o":{"a":0,"k":100},"r":{"a":0,"k":0},"p":{"a":0,"k":[91.995,68.4,0]},"a":{"a":0,"k":[0,0,0]},"s":{"a":1,"k":[{"i":{"x":[0,0,0],"y":[1,1,1]},"o":{"x":[0.167,0.167,0.167],"y":[0.033,0.033,0]},"n":["0_1_0p167_0p033","0_1_0p167_0p033","0_1_0p167_0"],"t":16,"s":[0,0,100],"e":[16.695,16.695,100]},{"i":{"x":[0.833,0.833,0.833],"y":[1,1,1]},"o":{"x":[0.167,0.167,0.167],"y":[0,0,0]},"n":["0p833_1_0p167_0","0p833_1_0p167_0","0p833_1_0p167_0"],"t":31,"s":[16.695,16.695,100],"e":[16.695,16.695,100]},{"i":{"x":[0.833,0.833,0.833],"y":[0.967,0.967,1]},"o":{"x":[1,1,1],"y":[0,0,0]},"n":["0p833_0p967_1_0","0p833_0p967_1_0","0p833_1_1_0"],"t":33,"s":[16.695,16.695,100],"e":[0,0,100]},{"t":50}]}},"ao":0,"shapes":[{"ty":"gr","it":[{"d":1,"ty":"el","s":{"a":0,"k":[52.281,52.281]},"p":{"a":0,"k":[0,0]},"nm":"Ellipse Path 1","mn":"ADBE Vector Shape - Ellipse"},{"ty":"fl","c":{"a":0,"k":[1,1,1,1]},"o":{"a":0,"k":100},"r":1,"nm":"Fill 1","mn":"ADBE Vector Graphic - Fill"},{"ty":"tr","p":{"a":0,"k":[0,0],"ix":2},"a":{"a":0,"k":[0,0],"ix":1},"s":{"a":0,"k":[100,100],"ix":3},"r":{"a":0,"k":0,"ix":6},"o":{"a":0,"k":100,"ix":7},"sk":{"a":0,"k":0,"ix":4},"sa":{"a":0,"k":0,"ix":5},"nm":"Transform"}],"nm":"Ellipse 1","np":2,"cix":2,"ix":1,"mn":"ADBE Vector Group"}],"ip":16,"op":51,"st":2,"bm":0,"sr":1},{"ddd":0,"ind":2,"ty":4,"nm":"Second","ks":{"o":{"a":0,"k":100},"r":{"a":0,"k":0},"p":{"a":0,"k":[75.3,68.4,0]},"a":{"a":0,"k":[0,0,0]},"s":{"a":1,"k":[{"i":{"x":[0,0,0],"y":[1,1,1]},"o":{"x":[0.167,0.167,0.167],"y":[0.033,0.033,0]},"n":["0_1_0p167_0p033","0_1_0p167_0p033","0_1_0p167_0"],"t":8,"s":[0,0,100],"e":[16.695,16.695,100]},{"i":{"x":[0.833,0.833,0.833],"y":[1,1,1]},"o":{"x":[0.167,0.167,0.167],"y":[0,0,0]},"n":["0p833_1_0p167_0","0p833_1_0p167_0","0p833_1_0p167_0"],"t":23,"s":[16.695,16.695,100],"e":[16.695,16.695,100]},{"i":{"x":[0.833,0.833,0.833],"y":[0.967,0.967,1]},"o":{"x":[1,1,1],"y":[0,0,0]},"n":["0p833_0p967_1_0","0p833_0p967_1_0","0p833_1_1_0"],"t":25,"s":[16.695,16.695,100],"e":[0,0,100]},{"t":42}]}},"ao":0,"shapes":[{"ty":"gr","it":[{"d":1,"ty":"el","s":{"a":0,"k":[52.281,52.281]},"p":{"a":0,"k":[0,0]},"nm":"Ellipse Path 1","mn":"ADBE Vector Shape - Ellipse"},{"ty":"fl","c":{"a":0,"k":[1,1,1,1]},"o":{"a":0,"k":100},"r":1,"nm":"Fill 1","mn":"ADBE Vector Graphic - Fill"},{"ty":"tr","p":{"a":0,"k":[0,0],"ix":2},"a":{"a":0,"k":[0,0],"ix":1},"s":{"a":0,"k":[100,100],"ix":3},"r":{"a":0,"k":0,"ix":6},"o":{"a":0,"k":100,"ix":7},"sk":{"a":0,"k":0,"ix":4},"sa":{"a":0,"k":0,"ix":5},"nm":"Transform"}],"nm":"Ellipse 1","np":2,"cix":2,"ix":1,"mn":"ADBE Vector Group"}],"ip":8,"op":51,"st":-10,"bm":0,"sr":1},{"ddd":0,"ind":3,"ty":4,"nm":"First","ks":{"o":{"a":0,"k":100},"r":{"a":0,"k":0},"p":{"a":0,"k":[58.605,68.4,0]},"a":{"a":0,"k":[0,0,0]},"s":{"a":1,"k":[{"i":{"x":[0,0,0],"y":[1,1,1]},"o":{"x":[0.167,0.167,0.167],"y":[0.033,0.033,0]},"n":["0_1_0p167_0p033","0_1_0p167_0p033","0_1_0p167_0"],"t":2,"s":[0,0,100],"e":[16.695,16.695,100]},{"i":{"x":[0.833,0.833,0.833],"y":[1,1,1]},"o":{"x":[0.167,0.167,0.167],"y":[0,0,0]},"n":["0p833_1_0p167_0","0p833_1_0p167_0","0p833_1_0p167_0"],"t":17,"s":[16.695,16.695,100],"e":[16.695,16.695,100]},{"i":{"x":[0.833,0.833,0.833],"y":[0.967,0.967,1]},"o":{"x":[1,1,1],"y":[0,0,0]},"n":["0p833_0p967_1_0","0p833_0p967_1_0","0p833_1_1_0"],"t":19,"s":[16.695,16.695,100],"e":[0,0,100]},{"t":36}]}},"ao":0,"shapes":[{"ty":"gr","it":[{"d":1,"ty":"el","s":{"a":0,"k":[52.281,52.281]},"p":{"a":0,"k":[0,0]},"nm":"Ellipse Path 1","mn":"ADBE Vector Shape - Ellipse"},{"ty":"fl","c":{"a":0,"k":[1,1,1,1]},"o":{"a":0,"k":100},"r":1,"nm":"Fill 1","mn":"ADBE Vector Graphic - Fill"},{"ty":"tr","p":{"a":0,"k":[0,0],"ix":2},"a":{"a":0,"k":[0,0],"ix":1},"s":{"a":0,"k":[100,100],"ix":3},"r":{"a":0,"k":0,"ix":6},"o":{"a":0,"k":100,"ix":7},"sk":{"a":0,"k":0,"ix":4},"sa":{"a":0,"k":0,"ix":5},"nm":"Transform"}],"nm":"Ellipse 1","np":2,"cix":2,"ix":1,"mn":"ADBE Vector Group"}],"ip":2,"op":51,"st":-18,"bm":0,"sr":1},{"ddd":0,"ind":4,"ty":4,"nm":"Bubble","parent":5,"ks":{"o":{"a":0,"k":100},"r":{"a":0,"k":0},"p":{"a":0,"k":[54.982,100.623,0]},"a":{"a":0,"k":[54.982,100.623,0]},"s":{"a":0,"k":[100,100,100]}},"ao":0,"shapes":[{"ty":"gr","it":[{"ind":0,"ty":"sh","ix":1,"ks":{"a":0,"k":{"i":[[0,-9.75],[7.929,-6.761],[13.651,3.77],[4.942,4.069],[0,9.88],[-21.321,0],[-7.93,-6.89]],"o":[[0,9.88],[-10.401,9.36],[-10.275,-4.319],[-7.02,-5.981],[0,-20.671],[10.92,0],[7.801,6.761]],"v":[[41.277,-4.225],[28.797,22.556],[-9.816,30.356],[-29.837,19.566],[-40.887,-4.225],[0.195,-40.626],[29.316,-29.966]],"c":true}},"nm":"Path 1","mn":"ADBE Vector Shape - Group"},{"ty":"fl","c":{"a":0,"k":[0,0,0,1]},"o":{"a":0,"k":100},"r":1,"nm":"Fill 1","mn":"ADBE Vector Graphic - Fill"},{"ty":"tr","p":{"a":0,"k":[74.805,72.984],"ix":2},"a":{"a":0,"k":[0,0],"ix":1},"s":{"a":0,"k":[100,100],"ix":3},"r":{"a":0,"k":0,"ix":6},"o":{"a":0,"k":100,"ix":7},"sk":{"a":0,"k":0,"ix":4},"sa":{"a":0,"k":0,"ix":5},"nm":"Transform"}],"nm":"Group 1","np":2,"cix":2,"ix":1,"mn":"ADBE Vector Group"}],"ip":0,"op":53,"st":-35,"bm":0,"sr":1},{"ddd":0,"ind":5,"ty":4,"nm":"Bubble","ks":{"o":{"a":0,"k":100},"r":{"a":0,"k":0},"p":{"a":0,"k":[36.032,112.367,0]},"a":{"a":0,"k":[36.032,112.367,0]},"s":{"a":0,"k":[100,100,100]}},"ao":0,"shapes":[{"ty":"gr","it":[{"ind":0,"ty":"sh","ix":1,"ks":{"a":0,"k":{"i":[[4.939,-21.668],[5.72,0],[-3.25,2.601],[0.52,7.54]],"o":[[-7.021,8.45],[-2.99,0],[7.67,-6.37],[1.739,-13.013]],"v":[[-9.816,30.356],[-30.227,40.626],[-38.027,37.376],[-29.837,19.566]],"c":true}},"nm":"Path 1","mn":"ADBE Vector Shape - Group"},{"ty":"fl","c":{"a":0,"k":[0,0,0,1]},"o":{"a":0,"k":100},"r":1,"nm":"Fill 1","mn":"ADBE Vector Graphic - Fill"},{"ty":"tr","p":{"a":0,"k":[74.805,72.984],"ix":2},"a":{"a":0,"k":[0,0],"ix":1},"s":{"a":0,"k":[100,100],"ix":3},"r":{"a":0,"k":0,"ix":6},"o":{"a":0,"k":100,"ix":7},"sk":{"a":0,"k":0,"ix":4},"sa":{"a":0,"k":0,"ix":5},"nm":"Transform"}],"nm":"Group 1","np":2,"cix":2,"ix":1,"mn":"ADBE Vector Group"}],"ip":0,"op":53,"st":-35,"bm":0,"sr":1}]}